Transaction_ID,Amount,Frequency,Age_of_Account,Type,Is_Anomalous
TX0,124.83570765056163,12,6,Withdrawal,0
TX1,93.08678494144077,17,83,Withdrawal,0
TX2,132.38442690503462,8,60,Withdrawal,0
TX3,176.15149282040127,11,44,Transfer,0
TX4,88.2923312638332,3,11,Withdrawal,0
TX5,88.29315215254097,6,66,Withdrawal,0
TX6,178.96064077536957,9,47,Payment,0
TX7,138.37173645764545,6,108,Transfer,0
TX8,76.5262807032524,9,108,Payment,0
TX9,127.12800217929824,7,73,Payment,0
TX10,76.82911535937689,9,85,Withdrawal,0
TX11,76.71351232148716,18,88,Transfer,0
TX12,112.0981135783017,12,98,Withdrawal,0
TX13,10.0,8,86,Transfer,0
TX14,13.754108374348363,8,3,Payment,0
TX15,71.88562353795136,18,76,Transfer,0
TX16,49.35844398327881,15,92,Withdrawal,0
TX17,115.7123666297637,7,30,Withdrawal,0
TX18,54.59879622393945,11,90,Withdrawal,0
TX19,29.384814933235432,16,112,Transfer,0
TX20,173.28243844607772,4,21,Payment,0
TX21,88.71118497567322,6,28,Payment,0
TX22,103.37641023439619,3,90,Transfer,0
TX23,431.4388603399073,9,62,Withdrawal,1
TX24,72.78086377374086,10,33,Payment,0
TX25,105.54612948549331,14,85,Withdrawal,0
TX26,42.45032112888486,11,35,Transfer,0
TX27,118.7849009172836,18,52,Withdrawal,0
TX28,69.96806550405975,12,34,Payment,0
TX29,85.41531251033616,12,41,Payment,0
TX30,69.91466938853016,13,51,Withdrawal,0
TX31,192.6139092254469,13,47,Transfer,0
TX32,99.3251387631033,19,82,Withdrawal,0
TX33,47.114453552204985,19,58,Transfer,0
TX34,141.12724560515946,14,75,Withdrawal,0
TX35,38.957817501448886,4,57,Payment,0
TX36,110.44317975023777,13,23,Transfer,0
TX37,10.0,8,48,Transfer,0
TX38,33.59069755507848,19,22,Transfer,0
TX39,109.84306179345617,12,17,Payment,0
TX40,136.92332899977052,18,69,Withdrawal,0
TX41,108.56841405949852,6,108,Payment,0
TX42,94.21758588058798,18,11,Transfer,0
TX43,84.94481522053556,19,94,Withdrawal,0
TX44,26.073900481628627,5,15,Payment,0
TX45,64.00778958026457,9,91,Transfer,0
TX46,76.96806145201063,3,35,Transfer,0
TX47,152.85611131094578,10,33,Payment,0
TX48,117.18091447842306,19,84,Payment,0
TX49,11.847992231863302,3,16,Payment,0
TX50,116.20419846973975,15,34,Transfer,0
TX51,80.74588597918418,1,66,Payment,0
TX52,66.15389998470206,7,99,Transfer,0
TX53,130.5838144420434,12,40,Payment,0
TX54,151.54997612479755,17,28,Transfer,0
TX55,146.56400595580993,5,47,Transfer,0
TX56,58.03912383886807,4,39,Withdrawal,0
TX57,84.53938120743928,12,70,Payment,0
TX58,116.5631715701782,18,73,Payment,0
TX59,148.77725635611796,17,20,Transfer,0
TX60,76.04128810773551,19,1,Transfer,0
TX61,90.71705116680914,9,72,Transfer,0
TX62,44.68325129969859,4,119,Withdrawal,0
TX63,40.18966879596646,2,87,Withdrawal,0
TX64,140.6262911197099,4,63,Transfer,0
TX65,167.81200142854115,2,67,Payment,0
TX66,96.3994939209833,15,4,Payment,0
TX67,150.17664489460122,2,58,Withdrawal,0
TX68,118.08180125238171,4,25,Withdrawal,0
TX69,67.74401226974379,6,47,Transfer,0
TX70,118.0697802754207,7,38,Payment,0
TX71,176.90182832329845,10,15,Transfer,0
TX72,98.20869804450243,19,63,Withdrawal,0
TX73,178.2321827907003,19,21,Payment,0
TX74,10.0,12,99,Payment,0
TX75,141.09512521876118,3,57,Withdrawal,0
TX76,104.35235341190857,13,117,Transfer,0
TX77,85.04963247670662,18,53,Transfer,0
TX78,104.58803882677512,8,46,Payment,0
TX79,10.0,15,116,Withdrawal,0
TX80,89.0164056081244,1,14,Payment,0
TX81,117.85562857558732,3,100,Withdrawal,0
TX82,173.89470223707582,8,76,Transfer,0
TX83,74.08648908631763,4,17,Withdrawal,0
TX84,59.57531985534062,16,39,Transfer,0
TX85,74.91214782077317,10,9,Withdrawal,0
TX86,145.7701058851037,12,99,Payment,0
TX87,116.43755548298422,14,77,Transfer,0
TX88,73.51198981164806,14,79,Payment,0
TX89,125.6633716556678,2,82,Payment,0
TX90,104.85387746740201,5,115,Transfer,0
TX91,148.43224952664445,5,97,Transfer,0
TX92,64.89734530613238,6,6,Payment,0
TX93,83.61689267011158,13,91,Payment,0
TX94,80.39459234339212,9,23,Payment,0
TX95,26.82425259339408,15,59,Payment,0
TX96,114.8060138532288,14,91,Transfer,0
TX97,113.05276360899447,7,98,Transfer,0
TX98,100.25567283212304,2,46,Payment,0
TX99,88.27064333124265,7,38,Withdrawal,0
TX100,29.23146289747929,6,14,Withdrawal,0
TX101,1184.5160079259806,17,100,Transfer,1
TX102,82.86427417366153,2,117,Payment,0
TX103,59.886136538919054,3,72,Payment,0
TX104,91.93571441669954,5,62,Transfer,0
TX105,120.20254284072692,5,35,Withdrawal,0
TX106,194.3092950605265,1,19,Withdrawal,0
TX107,108.72889064159195,8,30,Withdrawal,0
TX108,112.87751953613822,12,78,Transfer,0
TX109,96.27770421169164,4,84,Withdrawal,0
TX110,10.0,13,113,Transfer,0
TX111,98.67430622753916,15,25,Transfer,0
TX112,103.01151049705132,11,40,Payment,0
TX113,223.1621056242643,10,88,Withdrawal,0
TX114,90.38195176094388,3,14,Transfer,0
TX115,115.07736711668062,14,26,Withdrawal,0
TX116,98.26441151473783,16,102,Withdrawal,0
TX117,41.5660981190234,10,87,Payment,0
TX118,157.14114072575103,10,22,Withdrawal,0
TX119,137.5966516343387,12,48,Payment,0
TX120,139.55159735215233,9,83,Transfer,0
TX121,54.53062726026305,1,110,Withdrawal,0
TX122,170.13971554680495,5,51,Transfer,0
TX123,29.90744686038596,8,3,Withdrawal,0
TX124,129.34285469001352,11,42,Transfer,0
TX125,209.52278129049893,12,19,Withdrawal,0
TX126,50.47318374346558,1,73,Withdrawal,0
TX127,71.6851135198614,11,28,Withdrawal,0
TX128,104.98256825438206,5,84,Withdrawal,0
TX129,74.82621729419004,15,45,Withdrawal,0
TX130,22.46682844669337,5,71,Withdrawal,0
TX131,103.42814874030137,12,78,Withdrawal,0
TX132,46.884814313694754,5,63,Withdrawal,0
TX133,123.67962153175908,17,73,Withdrawal,0
TX134,54.02878828830984,17,119,Transfer,0
TX135,177.496720250877,12,19,Payment,0
TX136,60.83733538318815,15,47,Withdrawal,0
TX137,83.89692418971622,15,116,Payment,0
TX138,140.67586086848348,6,14,Withdrawal,0
TX139,38.456784178302236,12,38,Withdrawal,0
TX140,111.37299673020647,18,53,Transfer,0
TX141,165.3571377141214,14,61,Transfer,0
TX142,19.62583827193862,2,36,Payment,0
TX143,109.23169292661521,9,40,Transfer,0
TX144,112.99413971242117,5,81,Transfer,0
TX145,139.09114358886552,1,30,Payment,0
TX146,38.1524644560959,3,9,Transfer,0
TX147,33.97716934578618,6,64,Withdrawal,0
TX148,126.09707828084488,5,33,Payment,0
TX149,114.8492336616593,5,52,Payment,0
TX150,112.52464251729383,1,89,Withdrawal,0
TX151,117.32241047484878,17,14,Transfer,0
TX152,65.99876392107547,19,75,Payment,0
TX153,111.61268485805017,14,53,Payment,0
TX154,114.65362366493406,12,99,Withdrawal,0
TX155,64.2824290986816,10,105,Withdrawal,0
TX156,193.28872555723783,18,59,Transfer,0
TX157,123.69164604558938,11,78,Payment,0
TX158,40.43482513986757,2,94,Transfer,0
TX159,132.82768043169148,18,41,Transfer,0
TX160,51.26591648863393,7,68,Withdrawal,0
TX161,139.3542301871226,15,68,Payment,0
TX162,157.9297789503702,11,92,Payment,0
TX163,58.965884082414476,18,8,Payment,0
TX164,148.16880646221608,12,2,Withdrawal,0
TX165,120.63904634682491,6,105,Withdrawal,0
TX166,141.1030079997245,13,110,Withdrawal,0
TX167,194.8396491326974,16,86,Withdrawal,0
TX168,87.73059419985647,18,41,Withdrawal,0
TX169,62.31319178212552,10,55,Payment,0
TX170,55.52427851872383,8,16,Transfer,0
TX171,59.20948575172809,18,93,Payment,0
TX172,96.1449145292948,1,62,Transfer,0
TX173,117.05759874083219,8,113,Withdrawal,0
TX174,113.83453996650096,6,48,Transfer,0
TX175,141.35916245180118,5,30,Payment,0
TX176,100.65009459389535,15,12,Payment,0
TX177,172.67670385786585,15,35,Transfer,0
TX178,86.76715833810219,2,11,Withdrawal,0
TX179,236.00845832948093,1,64,Withdrawal,0
TX180,131.28336738825033,11,110,Payment,0
TX181,57.142122179185876,10,50,Transfer,0
TX182,46.45537509694439,18,85,Withdrawal,0
TX183,124.12362076215926,18,21,Withdrawal,0
TX184,88.82686073370746,17,69,Payment,0
TX185,135.7000247046046,8,48,Withdrawal,0
TX186,123.66188122867725,15,20,Transfer,0
TX187,96.35855436715636,8,101,Payment,0
TX188,57.660314096579754,17,67,Payment,0
TX189,24.257638765706773,12,44,Transfer,0
TX190,77.67425239664894,8,33,Payment,0
TX191,142.81993971617362,14,117,Withdrawal,0
TX192,110.7046872065102,4,73,Withdrawal,0
TX193,37.7130610644006,1,61,Transfer,0
TX194,108.6590462925591,1,9,Withdrawal,0
TX195,119.26586898644183,19,68,Transfer,0
TX196,55.80712818994335,16,35,Transfer,0
TX197,107.68625529727639,14,81,Withdrawal,0
TX198,102.9104359223,16,98,Transfer,0
TX199,42.85148510846884,5,88,Withdrawal,0
TX200,117.88936801741417,9,96,Payment,0
TX201,128.03922631841172,2,65,Payment,0
TX202,154.15256215876386,18,8,Transfer,0
TX203,152.69010260174514,6,45,Withdrawal,0
TX204,31.116531602145443,9,87,Withdrawal,0
TX205,53.108748004243864,1,47,Payment,0
TX206,125.75176336043299,9,40,Payment,0
TX207,125.68929754561044,16,76,Withdrawal,0
TX208,125.7523843153024,13,54,Transfer,0
TX209,292.63657453273606,9,76,Payment,0
TX210,128.54452553465836,13,46,Transfer,0
TX211,156.77828200902994,9,47,Transfer,0
TX212,147.70008817466012,11,15,Payment,0
TX213,132.5695625652899,4,105,Transfer,0
TX214,84.23653776798272,2,19,Transfer,0
TX215,137.94846102466337,6,26,Withdrawal,0
TX216,61.35873927312141,14,52,Transfer,0
TX217,88.15906966299956,4,93,Withdrawal,0
TX218,75.73182260854483,6,22,Payment,0
TX219,104.09370696931613,19,104,Payment,0
TX220,215.73292833367543,6,21,Withdrawal,0
TX221,10.0,2,51,Payment,0
TX222,134.31300951872566,18,38,Transfer,0
TX223,19.36420644051742,13,20,Transfer,0
TX224,76.40340671052833,9,29,Transfer,0
TX225,154.4475298483683,19,51,Payment,0
TX226,103.21400095477314,13,4,Transfer,0
TX227,46.112761103534694,11,55,Payment,0
TX228,64.2348145370016,1,71,Transfer,0
TX229,133.97988744673378,7,92,Withdrawal,0
TX230,63.481668414143165,15,28,Payment,0
TX231,110.82292947909875,1,4,Payment,0
TX232,102.2785919951907,12,22,Transfer,0
TX233,67.41998261970915,7,76,Payment,0
TX234,207.19720446626627,15,45,Payment,0
TX235,131.69595111590056,19,67,Withdrawal,0
TX236,10.0,1,86,Withdrawal,0
TX237,109.32271573847139,17,108,Transfer,0
TX238,66.9106767615806,17,66,Withdrawal,0
TX239,142.6216667398112,3,88,Transfer,0
TX240,60.373963078364966,12,34,Transfer,0
TX241,94.26317792665505,6,91,Transfer,0
TX242,125.24936394902286,11,55,Payment,0
TX243,143.2877597085061,3,105,Withdrawal,0
TX244,39.98517964721119,8,1,Transfer,0
TX245,83.27493820795257,14,72,Withdrawal,0
TX246,76.25273444195219,14,87,Transfer,0
TX247,67.3335383713144,10,38,Withdrawal,0
TX248,188.27271201405483,2,6,Withdrawal,0
TX249,120.24908554804777,14,86,Transfer,0
TX250,36.95580228324774,9,25,Payment,0
TX251,145.8930973527388,3,82,Withdrawal,0
TX252,206.10780985063167,8,17,Payment,0
TX253,2274.3489454133605,16,61,Payment,1
TX254,24.031501702299323,2,12,Transfer,0
TX255,75.78829635668743,6,6,Transfer,0
TX256,2450.183361889967,12,90,Transfer,1
TX257,64.61652671906097,5,27,Withdrawal,0
TX258,122.19097140731142,2,8,Transfer,0
TX259,138.73170267146685,16,83,Transfer,0
TX260,53.65347642109585,5,106,Withdrawal,0
TX261,97.02373219690999,15,65,Withdrawal,0
TX262,10.0,12,57,Transfer,0
TX263,48.780617933285505,4,93,Transfer,0
TX264,87.37159243034199,15,109,Transfer,0
TX265,37.61084090175753,11,113,Transfer,0
TX266,181.62056519658177,16,99,Payment,0
TX267,28.492931101968367,6,40,Payment,0
TX268,77.99777566515081,14,14,Transfer,0
TX269,106.53702886430457,18,35,Payment,0
TX270,172.06366445330576,12,48,Withdrawal,0
TX271,28.20689244102803,11,109,Payment,0
TX272,158.15818760774798,13,84,Payment,0
TX273,1507.6747957646903,11,56,Transfer,1
TX274,50.924567447602456,16,49,Payment,0
TX275,123.10517371316354,15,13,Payment,0
TX276,109.9529847786735,15,61,Payment,0
TX277,69.98915614206027,4,102,Payment,0
TX278,103.49010424950094,11,49,Withdrawal,0
TX279,80.73432015691199,19,46,Transfer,0
TX280,105.6758672625624,15,113,Transfer,0
TX281,133.10653372605233,4,62,Withdrawal,0
TX282,179.3008408072676,13,8,Payment,0
TX283,38.10922505865755,19,43,Withdrawal,0
TX284,206.65166873281333,2,20,Payment,0
TX285,10.0,14,97,Withdrawal,0
TX286,92.41074524822083,4,90,Transfer,0
TX287,129.41586032422882,16,39,Transfer,0
TX288,114.04959338675164,14,85,Transfer,0
TX289,68.86502400897031,15,117,Payment,0
TX290,89.59388748213624,3,49,Payment,0
TX291,75.34995326705837,8,64,Withdrawal,0
TX292,70.53176215278943,16,62,Withdrawal,0
TX293,142.48010485105124,10,106,Transfer,0
TX294,117.85077429825236,4,107,Payment,0
TX295,65.35452023696729,18,54,Withdrawal,0
TX296,2174.699906574938,2,105,Payment,1
TX297,115.36497604383047,17,9,Payment,0
TX298,140.64310594194802,13,88,Transfer,0
TX299,131.48144209618061,4,37,Transfer,0
TX300,58.550249453896384,11,49,Payment,0
TX301,71.99094799015153,7,41,Payment,0
TX302,137.3646802561631,12,17,Payment,0
TX303,130.51851327167324,10,88,Payment,0
TX304,98.9549203017926,7,21,Transfer,0
TX305,105.8663691654391,13,51,Withdrawal,0
TX306,163.88324478942124,7,59,Transfer,0
TX307,70.4214305582085,17,39,Withdrawal,0
TX308,127.35486905850189,10,55,Payment,0
TX309,89.8903673783053,10,41,Withdrawal,0
TX310,89.11593983863898,4,39,Transfer,0
TX311,154.9388425993595,4,13,Transfer,0
TX312,141.27081744940148,7,64,Payment,0
TX313,140.67548180003192,1,11,Transfer,0
TX314,165.27394035771647,12,110,Payment,0
TX315,101.05019208163796,13,19,Transfer,0
TX316,134.0976485647482,10,11,Transfer,0
TX317,84.4866621703272,15,77,Payment,0
TX318,116.20831762442211,13,46,Withdrawal,0
TX319,93.49284728161577,9,45,Transfer,0
TX320,104.84979824963591,9,1,Withdrawal,0
TX321,129.75785127184568,15,40,Transfer,0
TX322,59.088965838326374,10,108,Transfer,0
TX323,204.619363784273,10,19,Transfer,0
TX324,49.6991309250149,8,76,Transfer,0
TX325,39.29056936061339,16,72,Withdrawal,0
TX326,157.9055436750034,17,72,Withdrawal,0
TX327,139.5831346981468,5,61,Transfer,0
TX328,131.20599085260775,4,117,Transfer,0
TX329,131.417275463214,18,109,Withdrawal,0
TX330,99.38766135765427,19,12,Payment,0
TX331,55.13728142570842,4,61,Payment,0
TX332,103.79022790968632,7,112,Withdrawal,0
TX333,66.14191442439441,10,33,Transfer,0
TX334,148.75598667088755,18,45,Transfer,0
TX335,92.64713092489306,19,90,Payment,0
TX336,58.72514016037442,4,103,Payment,0
TX337,83.93070791735033,10,92,Withdrawal,0
TX338,120.64657271378121,1,69,Payment,0
TX339,71.81377235980126,18,8,Withdrawal,0
TX340,883.3347033251764,5,25,Payment,1
TX341,112.18436057459562,15,91,Payment,0
TX342,112.24832855543613,17,46,Payment,0
TX343,74.65284123144352,3,87,Transfer,0
TX344,76.44808471908387,12,30,Transfer,0
TX345,111.60249686788181,2,109,Transfer,0
TX346,27.59578292513379,1,47,Payment,0
TX347,29.626811281172237,17,87,Withdrawal,0
TX348,64.0777889373782,16,49,Withdrawal,0
TX349,89.32764241440763,5,47,Withdrawal,0
TX350,115.54537827990023,15,84,Withdrawal,0
TX351,173.76781084747762,3,82,Transfer,0
TX352,142.88298116010097,7,18,Transfer,0
TX353,92.00307350182864,11,66,Payment,0
TX354,99.04918960486556,10,68,Payment,0
TX355,49.87353176810956,9,94,Withdrawal,0
TX356,99.0743432003805,14,33,Transfer,0
TX357,85.56706805399308,13,36,Withdrawal,0
TX358,116.13592801690447,2,82,Payment,0
TX359,58.638452822383854,3,101,Payment,0
TX360,125.96732571205861,7,19,Withdrawal,0
TX361,176.6369456501289,18,111,Payment,0
TX362,94.56199257715713,3,28,Withdrawal,0
TX363,120.08558610494707,10,40,Transfer,0
TX364,134.5071995855556,7,84,Withdrawal,0
TX365,79.93897640570819,9,113,Transfer,0
TX366,111.20462409052084,17,97,Transfer,0
TX367,100.62962003908974,11,76,Payment,0
TX368,104.88380492744159,7,115,Payment,0
TX369,61.34951080722668,14,15,Payment,0
TX370,101.22550871294713,19,41,Withdrawal,0
TX371,124.89991456227249,4,39,Withdrawal,0
TX372,172.5571803897521,6,2,Payment,0
TX373,2219.453119563905,10,63,Withdrawal,1
TX374,207.65912287557782,7,29,Payment,0
TX375,61.63262185559753,13,105,Withdrawal,0
TX376,143.61603183603393,14,74,Transfer,0
TX377,109.16710028691759,4,66,Transfer,0
TX378,209.49014666088362,8,51,Payment,0
TX379,59.585085732242426,5,75,Withdrawal,0
TX380,58.0139078909612,1,77,Withdrawal,0
TX381,70.03036772779889,4,10,Transfer,0
TX382,10.0,3,14,Transfer,0
TX383,73.71224891596195,9,82,Payment,0
TX384,62.0433669223151,8,51,Transfer,0
TX385,107.51968932381038,1,118,Payment,0
TX386,117.08779878885797,6,73,Transfer,0
TX387,193.80854196079432,9,39,Transfer,0
TX388,147.5211919093025,7,28,Withdrawal,0
TX389,71.15481721687985,4,3,Transfer,0
TX390,55.0792664325821,13,84,Transfer,0
TX391,124.59595857532528,17,70,Payment,0
TX392,33.988339648967894,2,27,Transfer,0
TX393,191.57293829271768,5,117,Payment,0
TX394,158.97200603606436,12,2,Transfer,0
TX395,76.54121739476476,8,93,Transfer,0
TX396,14.343273545456128,6,38,Payment,0
TX397,167.69361870827066,8,3,Withdrawal,0
TX398,94.27300773736911,18,16,Payment,0
TX399,161.8908155986731,3,94,Payment,0
TX400,20.278617060281647,12,40,Payment,0
TX401,70.03124885231136,3,2,Withdrawal,0
TX402,100.26218498590916,6,81,Transfer,0
TX403,102.3490296882371,2,41,Payment,0
TX404,77.49672642603781,12,12,Payment,0
TX405,131.14249661737495,2,35,Withdrawal,0
TX406,46.61897853087028,6,107,Payment,0
TX407,92.88102574893533,17,65,Transfer,0
TX408,106.01478158559495,3,55,Withdrawal,0
TX409,125.72194170293744,2,45,Transfer,0
TX410,135.5807439044445,8,79,Transfer,0
TX411,43.76789540810654,12,90,Withdrawal,0
TX412,23.294291463218883,4,101,Payment,0
TX413,163.88384109492546,5,85,Transfer,0
TX414,116.61570059897959,13,62,Transfer,0
TX415,62.575673172172316,15,49,Transfer,0
TX416,177.55759877612616,16,95,Transfer,0
TX417,105.78373171464294,10,25,Withdrawal,0
TX418,158.96485920319134,16,23,Withdrawal,0
TX419,103.37592407050545,12,24,Transfer,0
TX420,203.03739624409934,17,38,Payment,0
TX421,187.7670421221602,16,28,Transfer,0
TX422,87.55179257604632,12,21,Payment,0
TX423,148.57854754771776,8,54,Transfer,0
TX424,132.2687974792574,3,107,Payment,0
TX425,168.43157787661744,16,18,Transfer,0
TX426,51.75382697099478,13,36,Payment,0
TX427,134.30257299992195,19,99,Transfer,0
TX428,152.92122434247938,8,45,Transfer,0
TX429,12.063025678844284,5,119,Payment,0
TX430,612.5561155006687,8,73,Withdrawal,1
TX431,10.0,12,53,Payment,0
TX432,86.52965827777211,1,102,Withdrawal,0
TX433,135.8771127897981,6,30,Transfer,0
TX434,175.11785260480139,18,60,Payment,0
TX435,103.70473902098875,8,108,Payment,0
TX436,181.4307772785646,7,98,Payment,0
TX437,30.994927089255427,1,32,Withdrawal,0
TX438,14.830878032242268,16,67,Withdrawal,0
TX439,97.22261505516906,12,67,Transfer,0
TX440,119.20327244696537,6,28,Withdrawal,0
TX441,98.36526259529535,2,44,Withdrawal,0
TX442,10.0,14,79,Transfer,0
TX443,95.54399802436058,4,41,Payment,0
TX444,34.776524974757336,1,63,Payment,0
TX445,133.48362744150194,18,23,Transfer,0
TX446,118.32991230484241,13,104,Payment,0
TX447,53.00601068363224,2,75,Withdrawal,0
TX448,74.30665413316532,9,48,Transfer,0
TX449,47.03932390555242,2,32,Transfer,0
TX450,96.86604513634141,9,57,Transfer,0
TX451,147.75711602506192,1,118,Payment,0
TX452,50.71369768322281,11,100,Transfer,0
TX453,125.20232577589222,3,33,Transfer,0
TX454,73.48711908137795,4,24,Transfer,0
TX455,60.35635838688279,18,39,Payment,0
TX456,94.6484820022721,6,34,Withdrawal,0
TX457,48.237883879031294,3,56,Transfer,0
TX458,72.3175347326409,11,28,Withdrawal,0
TX459,40.10610537055758,15,37,Payment,0
TX460,2973.543849687292,5,7,Payment,1
TX461,101.76317759858642,10,68,Payment,0
TX462,65.01372460037072,12,37,Payment,0
TX463,110.6989955367111,15,56,Withdrawal,0
TX464,94.3835975154585,17,65,Transfer,0
TX465,88.95152002333884,10,65,Payment,0
TX466,130.70833500217125,6,47,Payment,0
TX467,137.87538550236525,18,20,Withdrawal,0
TX468,73.47494261947362,13,19,Withdrawal,0
TX469,71.209087967766,3,29,Payment,0
TX470,86.2474151424178,10,74,Transfer,0
TX471,10.0,14,60,Transfer,0
TX472,24.24044689007239,6,18,Payment,0
TX473,168.34371337222623,3,92,Withdrawal,0
TX474,182.24838567506418,16,35,Payment,0
TX475,87.54819802218108,7,43,Payment,0
TX476,128.8278481527883,14,111,Withdrawal,0
TX477,115.56250772717681,9,95,Payment,0
TX478,253.94404042276187,15,91,Payment,0
TX479,155.97874557172884,3,11,Payment,0
TX480,93.60412042596167,2,49,Withdrawal,0
TX481,52.222977969978714,2,113,Transfer,0
TX482,19.67768398712137,3,38,Transfer,0
TX483,110.17318179336115,18,64,Withdrawal,0
TX484,62.18246273578483,14,69,Transfer,0
TX485,28.88731452011629,18,8,Payment,0
TX486,67.67135578787367,10,34,Transfer,0
TX487,45.92259981928025,2,48,Payment,0
TX488,184.35708175362822,1,116,Transfer,0
TX489,144.08198784747253,4,56,Withdrawal,0
TX490,99.60136793416913,14,76,Transfer,0
TX491,173.99720694450127,1,102,Transfer,0
TX492,103.86841538238092,14,65,Transfer,0
TX493,56.93578993358682,16,31,Withdrawal,0
TX494,176.15620386348286,14,4,Transfer,0
TX495,1904.182532763494,3,113,Withdrawal,1
TX496,48.13769228367718,3,109,Payment,0
TX497,90.4830660958196,9,50,Transfer,0
TX498,56.21908733076214,6,69,Withdrawal,0
TX499,30.860013451783203,13,30,Withdrawal,0
TX500,146.30887737658207,2,88,Transfer,0
TX501,195.47083202350652,8,59,Payment,0
TX502,30.07162130904294,2,67,Withdrawal,0
TX503,128.14846183452855,4,75,Transfer,0
TX504,67.46787154390864,15,45,Payment,0
TX505,75.6437308117652,4,4,Withdrawal,0
TX506,70.38030378805654,13,26,Withdrawal,0
TX507,56.8004615160092,12,27,Payment,0
TX508,102.42608139724135,13,46,Payment,0
TX509,58.45249417944811,14,118,Transfer,0
TX510,113.52284128899194,18,107,Transfer,0
TX511,97.48809452754315,6,64,Withdrawal,0
TX512,88.05259765667951,11,91,Payment,0
TX513,54.621816897920105,2,106,Payment,0
TX514,71.16143347158336,19,51,Payment,0
TX515,137.7695612912878,19,50,Withdrawal,0
TX516,125.04585938121903,5,6,Payment,0
TX517,51.122237760072444,19,59,Payment,0
TX518,104.9666152714613,2,15,Withdrawal,0
TX519,137.56935616858945,10,117,Transfer,0
TX520,16.529735943931414,2,30,Transfer,0
TX521,127.16800961899675,11,42,Withdrawal,0
TX522,66.86881205270767,18,101,Payment,0
TX523,128.52993342965797,15,37,Withdrawal,0
TX524,61.837042172874156,9,42,Transfer,0
TX525,10.0,19,101,Transfer,0
TX526,18.622878105841863,9,35,Withdrawal,0
TX527,102.4042473330691,3,87,Withdrawal,0
TX528,112.9861250860741,9,6,Transfer,0
TX529,54.78416874477957,14,68,Withdrawal,0
TX530,131.9296229388687,19,18,Transfer,0
TX531,16.923996886552004,7,73,Withdrawal,0
TX532,96.69601006763418,16,113,Withdrawal,0
TX533,39.449190011877164,16,29,Withdrawal,0
TX534,67.40819460989204,1,77,Transfer,0
TX535,102.3699335658207,4,59,Withdrawal,0
TX536,56.97933173580238,4,47,Transfer,0
TX537,80.77222278850873,7,116,Transfer,0
TX538,150.31464046072202,8,17,Withdrawal,0
TX539,71.15540652384256,17,109,Withdrawal,0
TX540,141.7846056032571,5,96,Transfer,0
TX541,43.51465726711909,7,112,Transfer,0
TX542,126.49020889576414,4,22,Payment,0
TX543,172.07843103289503,6,68,Transfer,0
TX544,10.0,7,69,Payment,0
TX545,60.15523722647616,18,37,Payment,0
TX546,1932.804095385405,5,105,Payment,1
TX547,89.84773069785037,3,49,Withdrawal,0
TX548,118.55729366856545,7,13,Withdrawal,0
TX549,69.80074066420897,14,34,Transfer,0
TX550,104.32948937364499,7,109,Payment,0
TX551,92.21613823039603,5,86,Withdrawal,0
TX552,158.38910308299037,5,53,Withdrawal,0
TX553,112.72104216506065,2,87,Withdrawal,0
TX554,116.8801331037601,6,51,Withdrawal,0
TX555,79.40615169387664,15,3,Withdrawal,0
TX556,75.61968879637533,10,42,Payment,0
TX557,1175.5813591352844,7,98,Payment,1
TX558,119.72260711891484,5,32,Payment,0
TX559,78.95077595898685,1,109,Payment,0
TX560,114.48874284482065,13,51,Transfer,0
TX561,203.77003993227194,18,113,Payment,0
TX562,143.5562351715846,13,85,Withdrawal,0
TX563,83.69882339160795,18,46,Payment,0
TX564,160.06069610819725,5,108,Transfer,0
TX565,79.59623134892243,13,21,Withdrawal,0
TX566,10.0,4,44,Payment,0
TX567,49.595684454129795,17,11,Payment,0
TX568,10.0,3,103,Payment,0
TX569,82.42432579793457,17,68,Withdrawal,0
TX570,100.92091895947759,11,115,Withdrawal,0
TX571,183.82186561376415,4,1,Transfer,0
TX572,116.34636868820813,2,92,Withdrawal,0
TX573,89.04497355955678,16,63,Withdrawal,0
TX574,141.47027905917446,18,24,Payment,0
TX575,10.0,8,99,Withdrawal,0
TX576,1676.7109185814245,3,13,Payment,1
TX577,138.54325969434834,9,111,Payment,0
TX578,26.07068771100792,6,98,Withdrawal,0
TX579,157.18770216034645,10,11,Transfer,0
TX580,116.92482037472071,10,100,Transfer,0
TX581,79.23560430495994,13,51,Withdrawal,0
TX582,131.63909330531425,17,17,Transfer,0
TX583,213.5346428902198,9,99,Payment,0
TX584,109.09331275292476,17,82,Payment,0
TX585,112.4110293150168,9,104,Withdrawal,0
TX586,77.0319550229878,9,86,Transfer,0
TX587,57.50778152676041,1,24,Transfer,0
TX588,141.51679082721228,2,19,Payment,0
TX589,57.19580870455664,16,37,Withdrawal,0
TX590,103.57831186096962,1,103,Transfer,0
TX591,76.11712766174416,10,85,Withdrawal,0
TX592,123.94899128731959,18,8,Transfer,0
TX593,116.68310526434742,8,28,Payment,0
TX594,151.87699721289496,11,5,Payment,0
TX595,74.49918005726265,2,17,Withdrawal,0
TX596,86.50625323533144,8,101,Payment,0
TX597,51.061814210884634,8,36,Transfer,0
TX598,77.78533699619442,17,118,Payment,0
TX599,118.86502465224261,15,19,Withdrawal,0
TX600,137.8494308322676,17,64,Withdrawal,0
TX601,53.89173379111873,13,91,Withdrawal,0
TX602,143.480296005283,19,117,Transfer,0
TX603,167.78189294024753,5,98,Transfer,0
TX604,120.67174516118504,12,11,Transfer,0
TX605,193.8397906279033,1,54,Transfer,0
TX606,61.31054004482135,5,45,Transfer,0
TX607,37.76726483442915,8,47,Payment,0
TX608,11.063987554786067,13,12,Transfer,0
TX609,174.80221557445915,8,118,Transfer,0
TX610,132.71828281770289,11,21,Payment,0
TX611,97.22076645447724,1,118,Transfer,0
TX612,1709.9764697398653,13,11,Withdrawal,1
TX613,43.72554763508118,19,103,Transfer,0
TX614,222.28759898084132,3,92,Transfer,0
TX615,106.46105909876138,17,5,Withdrawal,0
TX616,105.46973973024464,5,81,Withdrawal,0
TX617,136.28833119493459,8,56,Withdrawal,0
TX618,124.05046158683567,14,20,Withdrawal,0
TX619,111.19420121395657,4,41,Transfer,0
TX620,60.47627722773441,11,46,Withdrawal,0
TX621,123.57341785679978,15,12,Withdrawal,0
TX622,194.1012248237517,19,70,Payment,0
TX623,167.2710023077489,7,17,Withdrawal,0
TX624,179.65933133196984,19,115,Withdrawal,0
TX625,74.43921617844074,19,19,Payment,0
TX626,50.51975898707096,11,26,Payment,0
TX627,93.7106539950176,5,48,Transfer,0
TX628,102.78624561443473,5,108,Payment,0
TX629,154.70957592354742,8,108,Transfer,0
TX630,15.376768514259027,10,52,Payment,0
TX631,176.47751597303068,6,96,Payment,0
TX632,92.09960507105053,15,70,Transfer,0
TX633,78.655946502629,16,55,Payment,0
TX634,49.394781236991626,17,100,Transfer,0
TX635,17.257166406711534,8,102,Payment,0
TX636,141.15852919809572,8,75,Withdrawal,0
TX637,103.6658983594202,9,33,Payment,0
TX638,35.501955012947306,2,62,Transfer,0
TX639,35.2460613968192,15,88,Payment,0
TX640,83.2107650354936,18,23,Transfer,0
TX641,183.45107626446963,3,15,Transfer,0
TX642,87.02043243181976,17,27,Withdrawal,0
TX643,24.842852344094695,4,75,Withdrawal,0
TX644,87.71284679570279,4,64,Transfer,0
TX645,86.36382151261648,14,115,Payment,0
TX646,10.0,9,114,Transfer,0
TX647,97.28525667410939,9,81,Transfer,0
TX648,88.4532734895661,18,51,Payment,0
TX649,134.8103182406709,10,53,Payment,0
TX650,192.44780474726724,4,78,Payment,0
TX651,156.32825147738788,12,91,Payment,0
TX652,86.55556547225848,8,82,Transfer,0
TX653,44.673704562916484,2,92,Transfer,0
TX654,228.66799016249303,13,51,Withdrawal,0
TX655,102.96092170072441,16,47,Transfer,0
TX656,100.69646459564731,2,111,Payment,0
TX657,98.79374564449984,11,4,Withdrawal,0
TX658,109.90423803839275,10,7,Payment,0
TX659,92.78197940380288,15,109,Transfer,0
TX660,71.31689965598818,17,35,Withdrawal,0
TX661,72.6570529379804,8,48,Payment,0
TX662,98.36233648920008,18,73,Withdrawal,0
TX663,72.82876144331175,9,72,Withdrawal,0
TX664,64.35771086614179,8,116,Transfer,0
TX665,105.32151138459484,14,45,Payment,0
TX666,87.25113912895723,18,81,Withdrawal,0
TX667,175.1996494291344,12,81,Withdrawal,0
TX668,10.0,19,113,Payment,0
TX669,154.57534259612308,14,97,Withdrawal,0
TX670,162.30425962488147,17,96,Withdrawal,0
TX671,10.0,3,72,Withdrawal,0
TX672,82.86562029598257,7,19,Payment,0
TX673,1221.4193505031565,17,63,Payment,1
TX674,29.624415264108933,12,38,Payment,0
TX675,61.10916562045624,9,67,Payment,0
TX676,44.47120772670856,15,59,Transfer,0
TX677,187.61352217118113,18,69,Withdrawal,0
TX678,146.78391965737305,13,13,Payment,0
TX679,163.57775474970794,8,47,Withdrawal,0
TX680,136.08360320216175,14,110,Withdrawal,0
TX681,43.54741143913854,8,61,Transfer,0
TX682,73.77398668601131,14,31,Payment,0
TX683,124.46872806139591,7,119,Payment,0
TX684,38.89360955540273,12,80,Withdrawal,0
TX685,135.6499215086194,11,114,Payment,0
TX686,87.98373009209325,11,96,Withdrawal,0
TX687,81.25895962252012,13,22,Withdrawal,0
TX688,135.54799841017456,18,93,Transfer,0
TX689,122.213165574302,2,86,Transfer,0
TX690,81.951691709046,15,43,Transfer,0
TX691,157.9664901682124,18,67,Withdrawal,0
TX692,45.94683362000514,15,54,Payment,0
TX693,130.7967803472132,19,10,Transfer,0
TX694,129.6550628984192,12,42,Payment,0
TX695,84.52267803430048,13,64,Transfer,0
TX696,116.3066511121059,11,21,Transfer,0
TX697,37.44432118073485,5,80,Withdrawal,0
TX698,146.20135096034505,1,76,Transfer,0
TX699,90.75489317785055,3,66,Transfer,0
TX700,73.86384897404803,19,41,Withdrawal,0
TX701,152.45046129184448,7,24,Payment,0
TX702,64.78281547286204,12,35,Transfer,0
TX703,29.576935181822023,15,56,Withdrawal,0
TX704,22.168541323804817,5,30,Transfer,0
TX705,130.30049756728198,15,57,Withdrawal,0
TX706,35.97853237518585,8,94,Payment,0
TX707,187.73970909921823,10,47,Payment,0
TX708,10.0,16,35,Withdrawal,0
TX709,184.8228184145019,8,19,Withdrawal,0
TX710,110.55087336013092,1,114,Withdrawal,0
TX711,95.16434440648038,12,8,Payment,0
TX712,72.75404565955252,5,26,Transfer,0
TX713,119.95680571760354,3,113,Payment,0
TX714,98.11826487875759,1,104,Withdrawal,0
TX715,155.16509410082608,4,71,Withdrawal,0
TX716,105.71138243310199,8,30,Payment,0
TX717,107.51508807309388,3,7,Withdrawal,0
TX718,81.8193893893072,10,67,Payment,0
TX719,97.15271881394662,2,65,Withdrawal,0
TX720,115.39008844460295,11,36,Transfer,0
TX721,14.491580367168723,10,25,Transfer,0
TX722,32.590728894714346,14,37,Withdrawal,0
TX723,137.16320470113575,7,1,Payment,0
TX724,108.5432719063971,2,15,Transfer,0
TX725,90.80083318236605,9,37,Payment,0
TX726,100.92169665326966,16,13,Withdrawal,0
TX727,117.37908526808356,13,104,Payment,0
TX728,73.01201598453193,9,8,Transfer,0
TX729,61.084763729884365,4,5,Payment,0
TX730,109.79226275488408,10,60,Payment,0
TX731,51.0813611192484,12,73,Withdrawal,0
TX732,120.41263778572359,17,1,Withdrawal,0
TX733,14.87081978810798,14,36,Withdrawal,0
TX734,151.45778186628218,14,35,Transfer,0
TX735,123.62987412065215,2,66,Transfer,0
TX736,112.80148671569378,11,63,Withdrawal,0
TX737,149.1345491972757,16,104,Withdrawal,0
TX738,183.27372222312883,19,23,Transfer,0
TX739,150.7185032509065,6,9,Transfer,0
TX740,10.0,19,34,Transfer,0
TX741,36.02115166321492,5,46,Transfer,0
TX742,68.75907111521606,4,78,Withdrawal,0
TX743,101.30455251054168,15,4,Transfer,0
TX744,125.88295102345614,4,30,Withdrawal,0
TX745,63.71280934232672,10,95,Payment,0
TX746,109.33833822385392,3,102,Payment,0
TX747,62.230853382333876,5,75,Transfer,0
TX748,69.42410985040259,6,99,Payment,0
TX749,29.666945157588884,8,72,Payment,0
TX750,53.838337694454786,7,3,Payment,0
TX751,32.41576971918332,10,14,Transfer,0
TX752,51.206337351133364,6,60,Transfer,0
TX753,152.682089830392,14,77,Payment,0
TX754,52.53005555840285,4,45,Withdrawal,0
TX755,231.61910324186954,13,96,Payment,0
TX756,124.66589504404446,17,34,Transfer,0
TX757,109.2418061847437,7,45,Transfer,0
TX758,57.08211099093932,4,61,Transfer,0
TX759,135.01549397044957,14,83,Payment,0
TX760,71.2181086881113,3,102,Withdrawal,0
TX761,106.10049073226807,5,16,Transfer,0
TX762,228.00422691343974,16,66,Transfer,0
TX763,95.19700501376751,4,40,Payment,0
TX764,2361.954994714257,2,17,Withdrawal,1
TX765,64.84117874370563,18,119,Payment,0
TX766,98.25057547515192,19,34,Transfer,0
TX767,188.5400317817755,19,106,Withdrawal,0
TX768,68.65164711061163,17,16,Withdrawal,0
TX769,190.62242789984646,14,102,Transfer,0
TX770,135.38759677277378,19,60,Withdrawal,0
TX771,71.87666120528661,13,66,Withdrawal,0
TX772,131.62038695277604,12,66,Payment,0
TX773,148.6277224813365,6,90,Transfer,0
TX774,131.0904981108598,4,13,Transfer,0
TX775,21.48876400547718,19,56,Transfer,0
TX776,63.64314120875657,16,111,Transfer,0
TX777,87.62406822242477,13,31,Transfer,0
TX778,96.27832854499769,4,34,Withdrawal,0
TX779,131.0336048775339,17,39,Payment,0
TX780,108.88505004666268,1,67,Transfer,0
TX781,33.23278206449494,18,8,Payment,0
TX782,119.00989255029816,17,87,Payment,0
TX783,130.52928726419117,15,78,Withdrawal,0
TX784,127.98952239655199,11,55,Transfer,0
TX785,154.0390362777311,13,27,Withdrawal,0
TX786,141.6961077274452,1,118,Transfer,0
TX787,122.95900396142184,17,93,Withdrawal,0
TX788,96.49171442706765,6,103,Payment,0
TX789,16.95195332420043,4,53,Transfer,0
TX790,121.48091095662929,16,39,Payment,0
TX791,110.38438435815556,15,65,Payment,0
TX792,113.57894185976868,15,17,Withdrawal,0
TX793,36.16257120898453,6,105,Transfer,0
TX794,45.94717297958688,15,30,Payment,0
TX795,152.6576426666452,14,53,Withdrawal,0
TX796,98.02224230716725,11,13,Transfer,0
TX797,134.07503486863123,7,21,Transfer,0
TX798,101.41591880652305,9,19,Payment,0
TX799,101.48780697478726,16,53,Transfer,0
TX800,146.9141902987999,5,19,Payment,0
TX801,74.19776358913131,10,57,Transfer,0
TX802,104.80603884704917,18,25,Withdrawal,0
TX803,76.88623556474788,3,86,Payment,0
TX804,78.27518862838423,13,31,Payment,0
TX805,84.54139382656803,11,81,Transfer,0
TX806,111.10668858168565,17,55,Transfer,0
TX807,76.06256891682614,13,23,Payment,0
TX808,162.78780627867604,6,32,Transfer,0
TX809,55.26963488902481,17,62,Withdrawal,0
TX810,90.65641779193204,13,74,Transfer,0
TX811,78.01344708629125,19,10,Withdrawal,0
TX812,2585.2334132652995,19,100,Withdrawal,1
TX813,109.82773882557873,10,72,Withdrawal,0
TX814,151.59222697343174,3,54,Withdrawal,0
TX815,25.721981348151402,14,52,Withdrawal,0
TX816,113.35251329346295,19,20,Transfer,0
TX817,144.48153978117185,5,32,Withdrawal,0
TX818,104.11419946377121,5,114,Transfer,0
TX819,153.27401875326757,17,14,Withdrawal,0
TX820,74.13557749498139,10,50,Payment,0
TX821,170.467372009279,5,28,Withdrawal,0
TX822,214.9449061809625,4,110,Payment,0
TX823,81.85807197801705,6,116,Withdrawal,0
TX824,77.7248739299614,4,53,Withdrawal,0
TX825,172.66922385588504,7,24,Withdrawal,0
TX826,178.97860728653563,7,79,Payment,0
TX827,73.85699864233658,18,22,Payment,0
TX828,78.99065914520713,3,30,Withdrawal,0
TX829,85.91076955697464,1,63,Transfer,0
TX830,32.77747444828614,4,4,Withdrawal,0
TX831,54.06740267579009,6,77,Payment,0
TX832,49.79296166239661,9,59,Withdrawal,0
TX833,61.61012174479358,14,87,Payment,0
TX834,98.26575563066095,12,8,Payment,0
TX835,111.71073662682603,4,82,Payment,0
TX836,177.52502464070386,12,12,Withdrawal,0
TX837,50.082297963060455,10,119,Payment,0
TX838,149.21611992382918,7,31,Payment,0
TX839,89.30055778872455,3,78,Withdrawal,0
TX840,97.52681451737836,14,34,Payment,0
TX841,133.7409746083302,10,82,Withdrawal,0
TX842,43.86389892188507,16,98,Payment,0
TX843,119.12048730920253,16,75,Transfer,0
TX844,108.3226104106528,10,105,Transfer,0
TX845,124.62256320040746,13,76,Payment,0
TX846,114.45843219539091,6,49,Transfer,0
TX847,222.7650069955447,12,79,Withdrawal,0
TX848,68.1130007874342,9,57,Transfer,0
TX849,73.45015224990911,13,95,Payment,0
TX850,68.84297367876178,4,113,Payment,0
TX851,72.22614404198727,11,93,Withdrawal,0
TX852,68.13064363467412,18,26,Payment,0
TX853,159.4508265553776,11,18,Withdrawal,0
TX854,171.02521239949274,4,96,Transfer,0
TX855,71.46268531252619,18,86,Transfer,0
TX856,58.38222134478856,1,38,Withdrawal,0
TX857,123.5707778193202,7,81,Withdrawal,0
TX858,72.38884778595144,6,87,Payment,0
TX859,131.64659088777555,15,88,Transfer,0
TX860,110.14615104256498,18,50,Withdrawal,0
TX861,24.2127942501384,11,8,Transfer,0
TX862,177.37526006650307,15,41,Withdrawal,0
TX863,189.7938836547761,16,6,Transfer,0
TX864,69.36056547578069,7,69,Payment,0
TX865,80.61492200320079,10,44,Transfer,0
TX866,114.29326953624525,12,64,Transfer,0
TX867,116.72283949935125,14,29,Transfer,0
TX868,132.92721363364151,5,28,Transfer,0
TX869,200.5102269383175,18,11,Transfer,0
TX870,91.15263862529753,5,65,Payment,0
TX871,60.085137773077314,3,107,Withdrawal,0
TX872,31.034038599273643,5,19,Transfer,0
TX873,63.45349800290405,17,9,Payment,0
TX874,98.34365135631015,19,27,Transfer,0
TX875,189.7278931758894,19,34,Transfer,0
TX876,74.11943504819143,12,44,Withdrawal,0
TX877,111.18939758194493,9,68,Transfer,0
TX878,99.17885519636239,1,100,Payment,0
TX879,159.4196636724042,18,82,Payment,0
TX880,226.3466212936811,4,15,Withdrawal,0
TX881,73.45656135398397,10,51,Transfer,0
TX882,75.52802787408889,7,13,Payment,0
TX883,152.2080438534536,1,83,Transfer,0
TX884,134.09457448131556,17,49,Transfer,0
TX885,192.33536628680167,2,70,Transfer,0
TX886,129.1964092662982,11,112,Withdrawal,0
TX887,82.03539546064702,9,56,Transfer,0
TX888,129.53274153461547,7,76,Payment,0
TX889,155.4351790291454,17,51,Transfer,0
TX890,141.0241090598682,17,37,Payment,0
TX891,125.36370155536488,2,17,Transfer,0
TX892,153.3337344794577,6,58,Payment,0
TX893,158.46477952228364,14,87,Payment,0
TX894,169.10794955187635,6,90,Transfer,0
TX895,132.43549437948212,2,29,Transfer,0
TX896,91.64409598415727,1,33,Payment,0
TX897,107.33568432166614,10,60,Withdrawal,0
TX898,160.32544832541782,5,91,Transfer,0
TX899,59.1532164506382,2,89,Withdrawal,0
TX900,118.43366544364505,16,55,Transfer,0
TX901,80.33305938363196,2,10,Transfer,0
TX902,101.43724114674087,10,47,Transfer,0
TX903,163.92259313036493,2,23,Transfer,0
TX904,109.55495340099517,16,85,Withdrawal,0
TX905,102.32182740780745,16,21,Transfer,0
TX906,32.00719295100404,19,107,Payment,0
TX907,137.31267830136102,7,13,Payment,0
TX908,132.27420905705378,12,101,Withdrawal,0
TX909,208.162736165273,15,33,Transfer,0
TX910,84.61108825234996,8,24,Payment,0
TX911,110.95751638319695,6,108,Withdrawal,0
TX912,112.46918418553776,10,11,Transfer,0
TX913,178.8726639881737,3,17,Payment,0
TX914,95.2352233806524,19,68,Payment,0
TX915,1709.2661443277543,17,47,Withdrawal,1
TX916,130.39482548582697,7,25,Transfer,0
TX917,109.3304561578179,4,94,Transfer,0
TX918,77.67831927247359,14,73,Payment,0
TX919,109.70449964491539,15,21,Payment,0
TX920,153.6815874929886,8,84,Payment,0
TX921,48.67423502944699,15,83,Transfer,0
TX922,106.6484837073438,14,83,Withdrawal,0
TX923,64.99395925304134,9,12,Withdrawal,0
TX924,159.75233144624212,8,37,Transfer,0
TX925,23.840654760811262,17,42,Withdrawal,0
TX926,72.05390763642058,2,17,Payment,0
TX927,118.86059375322604,3,101,Withdrawal,0
TX928,178.27620146171702,8,118,Withdrawal,0
TX929,96.71248694635061,12,48,Withdrawal,0
TX930,72.24002366534009,1,103,Payment,0
TX931,194.0578534720295,10,28,Transfer,0
TX932,27.599304979187806,3,41,Payment,0
TX933,10.0,6,99,Transfer,0
TX934,122.00072250266662,7,47,Transfer,0
TX935,74.89728878236944,18,112,Transfer,0
TX936,48.93835914346434,11,18,Withdrawal,0
TX937,135.41782236496766,19,78,Withdrawal,0
TX938,112.19003568855995,5,99,Transfer,0
TX939,71.79606846316358,19,108,Transfer,0
TX940,35.984780066455286,11,105,Withdrawal,0
TX941,143.62286641400723,12,71,Payment,0
TX942,132.51005889793305,10,105,Transfer,0
TX943,95.04120681103086,8,13,Payment,0
TX944,192.3318498023833,9,82,Withdrawal,0
TX945,46.49576168369237,4,101,Transfer,0
TX946,23.723741453763054,5,13,Payment,0
TX947,65.40459650593777,8,100,Payment,0
TX948,97.7206991822251,9,31,Payment,0
TX949,112.1669724661346,15,2,Withdrawal,0
TX950,87.93819710718351,15,16,Withdrawal,0
TX951,117.60276982571484,16,9,Payment,0
TX952,37.423028790477794,14,73,Payment,0
TX953,172.18823020366295,8,38,Withdrawal,0
TX954,95.89244108037155,18,75,Payment,0
TX955,155.8647915794064,10,54,Payment,0
TX956,117.1362673188852,6,56,Withdrawal,0
TX957,122.8376609576892,12,86,Payment,0
TX958,128.4883640116102,2,97,Payment,0
TX959,122.38542800086574,7,100,Payment,0
TX960,132.1361379933772,16,109,Withdrawal,0
TX961,166.45762650662158,3,87,Payment,0
TX962,109.8260584850735,13,45,Withdrawal,0
TX963,135.4501878794256,3,109,Withdrawal,0
TX964,95.51321528563867,18,34,Transfer,0
TX965,172.00586077247362,11,9,Transfer,0
TX966,66.18038489703652,8,88,Payment,0
TX967,190.04702164554078,6,8,Withdrawal,0
TX968,97.99210246778283,1,7,Transfer,0
TX969,28.46124489409759,1,36,Payment,0
TX970,106.40522074553947,8,18,Transfer,0
TX971,65.94741712625596,5,3,Transfer,0
TX972,142.0321774494362,16,28,Withdrawal,0
TX973,67.36880103488045,11,70,Withdrawal,0
TX974,77.69082833926102,5,108,Transfer,0
TX975,10.0,4,44,Transfer,0
TX976,77.38468403754617,6,21,Withdrawal,0
TX977,10.0,14,28,Payment,0
TX978,20.804858825713836,19,104,Withdrawal,0
TX979,138.02073280721487,9,54,Transfer,0
TX980,139.2900079325416,12,54,Payment,0
TX981,121.27287808924824,11,65,Transfer,0
TX982,774.7678926530903,14,100,Payment,1
TX983,97.614432192901,16,21,Transfer,0
TX984,99.81987304547158,1,107,Payment,0
TX985,42.081765540372864,13,99,Payment,0
TX986,175.16991508835753,13,13,Transfer,0
TX987,143.86811452878356,2,57,Payment,0
TX988,88.9517913085168,4,49,Withdrawal,0
TX989,101.34429194972654,6,118,Transfer,0
TX990,110.41914039737762,5,54,Withdrawal,0
TX991,10.0,3,10,Transfer,0
TX992,87.64113087397016,1,53,Payment,0
TX993,65.90078760011008,4,44,Payment,0
TX994,49.91899950525423,2,47,Payment,0
TX995,85.94498535570226,5,53,Transfer,0
TX996,189.88432634247613,3,74,Withdrawal,0
TX997,132.0421430633505,9,46,Withdrawal,0
TX998,71.44105051086015,6,13,Transfer,0
TX999,128.62913906780793,18,37,Transfer,0
